{"RuleTriggered": 0, "Violations": 0, "Details": {"pin_memory": false, "num_workers": 0, "cores": 36, "dataloaders": 1, "dataloading_time": {"p25": 0.02552, "p50": 0.025967999999999998, "p95": 0.02712775, "probs": [1, 0, 0, 0, 0, 0, 0, 0, 0, 0, 0, 0, 0, 0, 0, 0, 0, 0, 0, 0, 0, 0, 0, 0, 0, 0, 0, 0, 0, 0, 0, 0, 0, 0, 0, 0, 0, 0, 0, 0, 0, 0, 0, 0, 0, 0, 0, 0, 0, 0, 0, 0, 0, 0, 0, 0, 0, 0, 0, 0, 0, 0, 0, 0, 0, 0, 0, 0, 0, 0, 0, 0, 0, 0, 0, 0, 0, 0, 0, 0, 0, 0, 0, 0, 0, 0, 0, 1, 0, 0, 0, 1, 2, 0, 2, 0, 0, 1, 1, 1], "binedges": [0.006692, 0.00689818, 0.00710436, 0.00731054, 0.00751672, 0.0077228999999999996, 0.00792908, 0.00813526, 0.00834144, 0.00854762, 0.008753799999999999, 0.00895998, 0.00916616, 0.00937234, 0.00957852, 0.0097847, 0.00999088, 0.01019706, 0.010403240000000001, 0.010609420000000001, 0.0108156, 0.01102178, 0.01122796, 0.01143414, 0.01164032, 0.0118465, 0.01205268, 0.01225886, 0.01246504, 0.01267122, 0.0128774, 0.013083580000000001, 0.013289760000000001, 0.013495940000000001, 0.01370212, 0.0139083, 0.01411448, 0.01432066, 0.014526840000000001, 0.014733020000000001, 0.0149392, 0.01514538, 0.01535156, 0.01555774, 0.01576392, 0.0159701, 0.01617628, 0.01638246, 0.01658864, 0.016794820000000002, 0.017001000000000002, 0.017207180000000002, 0.017413360000000003, 0.017619540000000003, 0.01782572, 0.0180319, 0.01823808, 0.01844426, 0.01865044, 0.01885662, 0.0190628, 0.019268979999999998, 0.01947516, 0.01968134, 0.01988752, 0.0200937, 0.02029988, 0.02050606, 0.02071224, 0.02091842, 0.0211246, 0.02133078, 0.02153696, 0.02174314, 0.02194932, 0.0221555, 0.022361680000000002, 0.022567860000000002, 0.022774040000000002, 0.02298022, 0.0231864, 0.02339258, 0.02359876, 0.02380494, 0.02401112, 0.0242173, 0.02442348, 0.02462966, 0.02483584, 0.02504202, 0.025248200000000002, 0.025454380000000002, 0.025660560000000002, 0.02586674, 0.02607292, 0.0262791, 0.02648528, 0.02669146, 0.02689764, 0.02710382, 0.02731]}}, "Datapoints": 10, "RuleParameters": "min_threshold:70\nmax_threshold:200"}