{"RuleTriggered": 0, "Violations": 0, "Details": {"step_num": {"first": 1632738135915922, "last": 1632740398996011}, "job_start": 1632738079.931176, "job_end": 1632740399.931472}, "Datapoints": 84, "RuleParameters": "threshold:20"}