{"RuleTriggered": 0, "Violations": 0, "Details": {"ratio": {"cpu_functions": 100.0}, "phase": {"Step:ModeKeys.GLOBAL": 116.27001678909114, "others": -16.270016789091144}, "phase_time": {}, "general": {"DataLoaderIterInitialize": 0.008244136753652221, "Forward": 99.98290869775705, "DataLoaderIter": 0.008847165489295197}, "CPU": {"dropout": 3.439562137585036, "matmul": 10.422337170418922, "mm": 26.24364706047301, "NativeLayerNormBackward": 7.151928203842049, "native_layer_norm_backward": 7.150162148155445, "MmBackward": 17.215976082371945, "GeluBackward": 14.188388036368119, "gelu_backward": 14.187999160785472}, "CPU_total": {"dropout": 9817829, "matmul": 29749346, "mm": 74909430, "NativeLayerNormBackward": 20414345, "native_layer_norm_backward": 20409304, "MmBackward": 49140996, "GeluBackward": 40499099, "gelu_backward": 40497989}}, "Datapoints": 0, "RuleParameters": ""}